{
  "average_faithfulness": 0.7084589112888683,
  "average_answer_relevance": 0.33749405362389306,
  "average_context_relevance": 0.3874880495396527,
  "overall_average": 0.47781367148413795
}